"No.","Time","Source","Destination","Protocol","Length","Leftover Capture Data","Info"
"1","2017-09-03 18:41:05.103576","host","1.43.0","USB","36","","SET CONFIGURATION Request"
"2","2017-09-03 18:41:05.104119","1.43.0","host","USB","28","","SET CONFIGURATION Status"
"3","2017-09-03 18:41:05.410000","1.43.1","host","USB","28","0c","URB_INTERRUPT in"
"4","2017-09-03 18:41:05.526004","1.43.1","host","USB","28","04","URB_INTERRUPT in"
"5","2017-09-03 18:41:05.577047","host","1.44.0","USB","36","","SET CONFIGURATION Request"
"6","2017-09-03 18:41:05.577432","1.44.0","host","USB","28","","SET CONFIGURATION Status"
"7","2017-09-03 18:41:05.582011","1.43.1","host","USB","28","08","URB_INTERRUPT in"
"8","2017-09-03 18:41:05.630002","1.43.1","host","USB","28","08","URB_INTERRUPT in"
"9","2017-09-03 18:41:05.882001","1.44.1","host","USB","28","02","URB_INTERRUPT in"
"10","2017-09-03 18:41:05.887911","host","1.45.0","USB","36","","GET DESCRIPTOR Request DEVICE"
"11","2017-09-03 18:41:05.888497","1.45.0","host","USB","46","","GET DESCRIPTOR Response DEVICE"
"12","2017-09-03 18:41:05.888497","1.45.0","host","USB","28","","GET DESCRIPTOR Status"
"13","2017-09-03 18:41:05.888511","host","1.45.0","USB","36","","GET DESCRIPTOR Request CONFIGURATION"
"14","2017-09-03 18:41:05.888777","1.45.0","host","USB","37","","GET DESCRIPTOR Response CONFIGURATION"
"15","2017-09-03 18:41:05.888777","1.45.0","host","USB","28","","GET DESCRIPTOR Status"
"16","2017-09-03 18:41:05.888782","host","1.45.0","USB","36","","GET DESCRIPTOR Request CONFIGURATION"
"17","2017-09-03 18:41:05.889686","1.45.0","host","USB","112","","GET DESCRIPTOR Response CONFIGURATION"
"18","2017-09-03 18:41:05.889710","1.45.0","host","USB","28","","GET DESCRIPTOR Status"
"19","2017-09-03 18:41:05.892188","host","1.45.0","USB","36","","SET CONFIGURATION Request"
"20","2017-09-03 18:41:05.892739","1.45.0","host","USB","28","","SET CONFIGURATION Status"
"21","2017-09-03 18:41:05.893830","host","1.45.0","USB","36","","GET DESCRIPTOR Request STRING"
"22","2017-09-03 18:41:05.894074","1.45.0","host","USB","32","","GET DESCRIPTOR Response STRING"
"23","2017-09-03 18:41:05.894100","1.45.0","host","USB","28","","GET DESCRIPTOR Status"
"24","2017-09-03 18:41:05.894111","host","1.45.0","USB","36","","GET DESCRIPTOR Request STRING"
"25","2017-09-03 18:41:05.894511","1.45.0","host","USB","54","","GET DESCRIPTOR Response STRING"
"26","2017-09-03 18:41:05.894529","1.45.0","host","USB","28","","GET DESCRIPTOR Status"
"27","2017-09-03 18:41:05.898144","host","1.45.0","USB","36","","GET DESCRIPTOR Request STRING"
"28","2017-09-03 18:41:05.898357","1.45.0","host","USB","32","","GET DESCRIPTOR Response STRING"
"29","2017-09-03 18:41:05.898382","1.45.0","host","USB","28","","GET DESCRIPTOR Status"
"30","2017-09-03 18:41:05.898393","host","1.45.0","USB","36","","GET DESCRIPTOR Request STRING"
"31","2017-09-03 18:41:05.898803","1.45.0","host","USB","54","","GET DESCRIPTOR Response STRING"
"32","2017-09-03 18:41:05.898830","1.45.0","host","USB","28","","GET DESCRIPTOR Status"
"33","2017-09-03 18:41:05.900826","host","1.45.0","USB","36","","GET DESCRIPTOR Request STRING"
"34","2017-09-03 18:41:05.901077","1.45.0","host","USB","32","","GET DESCRIPTOR Response STRING"
"35","2017-09-03 18:41:05.901105","1.45.0","host","USB","28","","GET DESCRIPTOR Status"
"36","2017-09-03 18:41:05.901115","host","1.45.0","USB","36","","GET DESCRIPTOR Request STRING"
"37","2017-09-03 18:41:05.901513","1.45.0","host","USB","54","","GET DESCRIPTOR Response STRING"
"38","2017-09-03 18:41:05.901530","1.45.0","host","USB","28","","GET DESCRIPTOR Status"
"39","2017-09-03 18:41:05.903725","host","1.45.0","USBHID","36","","SET_IDLE Request"
"40","2017-09-03 18:41:05.903894","1.45.0","host","USB","28","","GET INTERFACE Status"
"41","2017-09-03 18:41:05.903948","host","1.45.0","USBHID","36","","GET DESCRIPTOR Request HID Report"
"42","2017-09-03 18:41:05.904651","1.45.0","host","USBHID","87","","GET DESCRIPTOR Response HID Report"
"43","2017-09-03 18:41:05.904679","1.45.0","host","USB","28","","GET DESCRIPTOR Status"
"44","2017-09-03 18:41:05.911427","host","1.45.0","USBHID","36","","SET_IDLE Request"
"45","2017-09-03 18:41:05.911676","host","1.45.0","USBHID","36","","GET DESCRIPTOR Request HID Report"
"46","2017-09-03 18:41:05.913208","1.45.0","host","USBHID","176","","GET DESCRIPTOR Response HID Report"
"47","2017-09-03 18:41:05.913249","1.45.0","host","USB","28","","GET DESCRIPTOR Status"
"48","2017-09-03 18:41:05.921168","host","1.45.0","USBHID","36","","SET_IDLE Request"
"49","2017-09-03 18:41:05.921482","host","1.45.0","USBHID","36","","GET DESCRIPTOR Request HID Report"
"50","2017-09-03 18:41:05.922500","1.45.0","host","USBHID","121","","GET DESCRIPTOR Response HID Report"
"51","2017-09-03 18:41:05.922524","1.45.0","host","USB","28","","GET DESCRIPTOR Status"
"52","2017-09-03 18:41:05.931908","host","1.45.0","USBHID","36","","SET_REPORT Request"
"53","2017-09-03 18:41:05.932142","1.45.0","host","USBHID","29","","SET_REPORT Response"
"54","2017-09-03 18:41:05.932143","1.45.0","host","USB","28","","SET CONFIGURATION Status"
"55","2017-09-03 18:41:06.002019","1.44.1","host","USB","28","02","URB_INTERRUPT in"
"56","2017-09-03 18:41:06.054005","1.44.1","host","USB","28","02","URB_INTERRUPT in"
"57","2017-09-03 18:41:06.111448","host","1.46.0","USB","36","","GET DESCRIPTOR Request DEVICE"
"58","2017-09-03 18:41:06.112607","1.46.0","host","USB","46","","GET DESCRIPTOR Response DEVICE"
"59","2017-09-03 18:41:06.112642","1.46.0","host","USB","28","","GET DESCRIPTOR Status"
"60","2017-09-03 18:41:06.112669","host","1.46.0","USB","36","","GET DESCRIPTOR Request CONFIGURATION"
"61","2017-09-03 18:41:06.113300","1.46.0","host","USB","37","","GET DESCRIPTOR Response CONFIGURATION"
"62","2017-09-03 18:41:06.113327","1.46.0","host","USB","28","","GET DESCRIPTOR Status"
"63","2017-09-03 18:41:06.113353","host","1.46.0","USB","36","","GET DESCRIPTOR Request CONFIGURATION"
"64","2017-09-03 18:41:06.115159","1.46.0","host","USB","62","","GET DESCRIPTOR Response CONFIGURATION"
"65","2017-09-03 18:41:06.115185","1.46.0","host","USB","28","","GET DESCRIPTOR Status"
"66","2017-09-03 18:41:06.115206","host","1.46.0","USB","36","","SET CONFIGURATION Request"
"67","2017-09-03 18:41:06.115676","1.46.0","host","USB","28","","SET CONFIGURATION Status"
"68","2017-09-03 18:41:06.115721","host","1.46.0","USBHID","36","","SET_IDLE Request"
"69","2017-09-03 18:41:06.115846","1.46.0","host","USB","28","","GET INTERFACE Status"
"70","2017-09-03 18:41:06.115895","host","1.46.0","USBHID","36","","GET DESCRIPTOR Request HID Report"
"71","2017-09-03 18:41:06.119207","1.46.0","host","USBHID","93","","GET DESCRIPTOR Response HID Report"
"72","2017-09-03 18:41:06.119238","1.46.0","host","USB","28","","GET DESCRIPTOR Status"
"73","2017-09-03 18:41:06.125036","host","1.46.0","USBHID","36","","SET_REPORT Request"
"74","2017-09-03 18:41:06.125121","host","1.45.0","USBHID","36","","SET_REPORT Request"
"75","2017-09-03 18:41:06.125266","1.45.0","host","USBHID","29","","SET_REPORT Response"
"76","2017-09-03 18:41:06.125281","1.45.0","host","USB","28","","SET CONFIGURATION Status"
"77","2017-09-03 18:41:06.125300","1.46.0","host","USBHID","29","","SET_REPORT Response"
"78","2017-09-03 18:41:06.125300","1.46.0","host","USB","28","","SET CONFIGURATION Status"
"79","2017-09-03 18:41:07.114136","1.46.1","host","USB","35","0000000000000000","URB_INTERRUPT in"
"80","2017-09-03 18:41:07.524136","1.45.2","host","USB","35","0200000060000000","URB_INTERRUPT in"
"81","2017-09-03 18:41:07.528122","1.45.2","host","USB","35","02000000e0000000","URB_INTERRUPT in"
"82","2017-09-03 18:41:07.536122","1.45.2","host","USB","35","020000fe9f000000","URB_INTERRUPT in"
"83","2017-09-03 18:41:07.544121","1.45.2","host","USB","35","020000ff9f000000","URB_INTERRUPT in"
"84","2017-09-03 18:41:07.552120","1.45.2","host","USB","35","020000ffbf000000","URB_INTERRUPT in"
"85","2017-09-03 18:41:07.560121","1.45.2","host","USB","35","020000ffdf000000","URB_INTERRUPT in"
"86","2017-09-03 18:41:07.568122","1.45.2","host","USB","35","020000ffef000000","URB_INTERRUPT in"
"87","2017-09-03 18:41:07.576120","1.45.2","host","USB","35","020000ffff000000","URB_INTERRUPT in"
"88","2017-09-03 18:41:07.584121","1.45.2","host","USB","35","020000fe0f010000","URB_INTERRUPT in"
"89","2017-09-03 18:41:07.590121","1.45.2","host","USB","35","020000fe0f010000","URB_INTERRUPT in"
"90","2017-09-03 18:41:07.598131","1.45.2","host","USB","35","020000ff0f010000","URB_INTERRUPT in"
"91","2017-09-03 18:41:07.606127","1.45.2","host","USB","35","020000ff1f010000","URB_INTERRUPT in"
"92","2017-09-03 18:41:07.614131","1.45.2","host","USB","35","020000fe2f010000","URB_INTERRUPT in"
"93","2017-09-03 18:41:07.622127","1.45.2","host","USB","35","020000fe1f010000","URB_INTERRUPT in"
"94","2017-09-03 18:41:07.630130","1.45.2","host","USB","35","020000ff2f010000","URB_INTERRUPT in"
"95","2017-09-03 18:41:07.638130","1.45.2","host","USB","35","020000fe2f010000","URB_INTERRUPT in"
"96","2017-09-03 18:41:07.646125","1.45.2","host","USB","35","020000ffff000000","URB_INTERRUPT in"
"97","2017-09-03 18:41:07.654130","1.45.2","host","USB","35","020000ff1f010000","URB_INTERRUPT in"
"98","2017-09-03 18:41:07.660130","1.45.2","host","USB","35","02000001e0000000","URB_INTERRUPT in"
"99","2017-09-03 18:41:07.668130","1.45.2","host","USB","35","0200000390000000","URB_INTERRUPT in"
"100","2017-09-03 18:41:07.676123","1.45.2","host","USB","35","0200000570000000","URB_INTERRUPT in"
"101","2017-09-03 18:41:07.684130","1.45.2","host","USB","35","0200000540000000","URB_INTERRUPT in"
"102","2017-09-03 18:41:07.692127","1.45.2","host","USB","35","0200000540000000","URB_INTERRUPT in"
"103","2017-09-03 18:41:07.700142","1.45.2","host","USB","35","0200000410000000","URB_INTERRUPT in"
"104","2017-09-03 18:41:07.708124","1.45.2","host","USB","35","0200000100000000","URB_INTERRUPT in"
"105","2017-09-03 18:41:07.942131","1.45.2","host","USB","35","02000000f0ff0000","URB_INTERRUPT in"
"106","2017-09-03 18:41:07.958124","1.45.2","host","USB","35","020000ffffff0000","URB_INTERRUPT in"
"107","2017-09-03 18:41:07.966120","1.45.2","host","USB","35","020000fe0f000000","URB_INTERRUPT in"
"108","2017-09-03 18:41:07.974126","1.45.2","host","USB","35","020000fdffff0000","URB_INTERRUPT in"
"109","2017-09-03 18:41:07.982123","1.45.2","host","USB","35","020000faffff0000","URB_INTERRUPT in"
"110","2017-09-03 18:41:07.990123","1.45.2","host","USB","35","020000f80f000000","URB_INTERRUPT in"
"111","2017-09-03 18:41:07.998122","1.45.2","host","USB","35","020000f5ffff0000","URB_INTERRUPT in"
"112","2017-09-03 18:41:08.004127","1.45.2","host","USB","35","020000f50f000000","URB_INTERRUPT in"
"113","2017-09-03 18:41:08.012125","1.45.2","host","USB","35","020000f6ffff0000","URB_INTERRUPT in"
"114","2017-09-03 18:41:08.020127","1.45.2","host","USB","35","020000f70f000000","URB_INTERRUPT in"
"115","2017-09-03 18:41:08.028125","1.45.2","host","USB","35","020000f70f000000","URB_INTERRUPT in"
"116","2017-09-03 18:41:08.036128","1.45.2","host","USB","35","020000f6ffff0000","URB_INTERRUPT in"
"117","2017-09-03 18:41:08.044128","1.45.2","host","USB","35","020000f70f000000","URB_INTERRUPT in"
"118","2017-09-03 18:41:08.052124","1.45.2","host","USB","35","020000f70f000000","URB_INTERRUPT in"
"119","2017-09-03 18:41:08.060126","1.45.2","host","USB","35","020000f60f000000","URB_INTERRUPT in"
"120","2017-09-03 18:41:08.068128","1.45.2","host","USB","35","020000f70f000000","URB_INTERRUPT in"
"121","2017-09-03 18:41:08.074127","1.45.2","host","USB","35","020000f8ffff0000","URB_INTERRUPT in"
"122","2017-09-03 18:41:08.082128","1.45.2","host","USB","35","020000f90f000000","URB_INTERRUPT in"
"123","2017-09-03 18:41:08.090127","1.45.2","host","USB","35","020000fc0f000000","URB_INTERRUPT in"
"124","2017-09-03 18:41:08.098129","1.45.2","host","USB","35","020000fe0f000000","URB_INTERRUPT in"
"125","2017-09-03 18:41:08.106130","1.45.2","host","USB","35","020000fd0f000000","URB_INTERRUPT in"
"126","2017-09-03 18:41:08.114125","1.45.2","host","USB","35","020000fdffff0000","URB_INTERRUPT in"
"127","2017-09-03 18:41:08.122129","1.45.2","host","USB","35","020000feffff0000","URB_INTERRUPT in"
"128","2017-09-03 18:41:08.130128","1.45.2","host","USB","35","020000fd0f000000","URB_INTERRUPT in"
"129","2017-09-03 18:41:08.138138","1.45.2","host","USB","35","020000fcffff0000","URB_INTERRUPT in"
"130","2017-09-03 18:41:08.146125","1.45.2","host","USB","35","020000fe0f000000","URB_INTERRUPT in"
"131","2017-09-03 18:41:08.154125","1.45.2","host","USB","35","020000feffff0000","URB_INTERRUPT in"
"132","2017-09-03 18:41:08.160127","1.45.2","host","USB","35","020000fd0f000000","URB_INTERRUPT in"
"133","2017-09-03 18:41:08.168124","1.45.2","host","USB","35","020000fcffff0000","URB_INTERRUPT in"
"134","2017-09-03 18:41:08.176129","1.45.2","host","USB","35","020000fbffff0000","URB_INTERRUPT in"
"135","2017-09-03 18:41:08.186140","1.45.2","host","USB","35","020000fc0f000000","URB_INTERRUPT in"
"136","2017-09-03 18:41:08.192128","1.45.2","host","USB","35","020000fb0f000000","URB_INTERRUPT in"
"137","2017-09-03 18:41:08.200125","1.45.2","host","USB","35","020000fd0f000000","URB_INTERRUPT in"
"138","2017-09-03 18:41:08.208131","1.45.2","host","USB","35","020000fc0f000000","URB_INTERRUPT in"
"139","2017-09-03 18:41:08.216123","1.45.2","host","USB","35","020000fd0f000000","URB_INTERRUPT in"
"140","2017-09-03 18:41:08.224129","1.45.2","host","USB","35","020000feffff0000","URB_INTERRUPT in"
"141","2017-09-03 18:41:08.232128","1.45.2","host","USB","35","020000fe0f000000","URB_INTERRUPT in"
"142","2017-09-03 18:41:08.240129","1.45.2","host","USB","35","020000fe0f000000","URB_INTERRUPT in"
"143","2017-09-03 18:41:08.248124","1.45.2","host","USB","35","020000fe0f000000","URB_INTERRUPT in"
"144","2017-09-03 18:41:08.254152","1.45.2","host","USB","35","020000fc1f000000","URB_INTERRUPT in"
"145","2017-09-03 18:41:08.262126","1.45.2","host","USB","35","020000fa0f000000","URB_INTERRUPT in"
"146","2017-09-03 18:41:08.270152","1.45.2","host","USB","35","020000fb1f000000","URB_INTERRUPT in"
"147","2017-09-03 18:41:08.278126","1.45.2","host","USB","35","020000fb2f000000","URB_INTERRUPT in"
"148","2017-09-03 18:41:08.286159","1.45.2","host","USB","35","020000fc1f000000","URB_INTERRUPT in"
"149","2017-09-03 18:41:08.294126","1.45.2","host","USB","35","020000fe1f000000","URB_INTERRUPT in"
"150","2017-09-03 18:41:08.302125","1.45.2","host","USB","35","020000ff0f000000","URB_INTERRUPT in"
"151","2017-09-03 18:41:08.310125","1.45.2","host","USB","35","020000ff1f000000","URB_INTERRUPT in"
"152","2017-09-03 18:41:08.318125","1.45.2","host","USB","35","020000ff1f000000","URB_INTERRUPT in"
"153","2017-09-03 18:41:08.326127","1.45.2","host","USB","35","020000fe1f000000","URB_INTERRUPT in"
"154","2017-09-03 18:41:08.332126","1.45.2","host","USB","35","020000fd2f000000","URB_INTERRUPT in"
"155","2017-09-03 18:41:08.340125","1.45.2","host","USB","35","020000fb3f000000","URB_INTERRUPT in"
"156","2017-09-03 18:41:08.348127","1.45.2","host","USB","35","020000f93f000000","URB_INTERRUPT in"
"157","2017-09-03 18:41:08.356127","1.45.2","host","USB","35","020000fb2f000000","URB_INTERRUPT in"
"158","2017-09-03 18:41:08.364153","1.45.2","host","USB","35","020000fc2f000000","URB_INTERRUPT in"
"159","2017-09-03 18:41:08.372129","1.45.2","host","USB","35","020000fc2f000000","URB_INTERRUPT in"
"160","2017-09-03 18:41:08.380121","1.45.2","host","USB","35","020000fe1f000000","URB_INTERRUPT in"
"161","2017-09-03 18:41:08.388126","1.45.2","host","USB","35","020000ff0f000000","URB_INTERRUPT in"
"162","2017-09-03 18:41:08.434133","1.45.2","host","USB","35","0200000010000000","URB_INTERRUPT in"
"163","2017-09-03 18:41:08.442124","1.45.2","host","USB","35","0200000010000000","URB_INTERRUPT in"
"164","2017-09-03 18:41:08.458132","1.45.2","host","USB","35","0200000010000000","URB_INTERRUPT in"
"165","2017-09-03 18:41:08.942131","1.45.2","host","USB","35","0201000000000000","URB_INTERRUPT in"
"166","2017-09-03 18:41:09.082131","1.45.2","host","USB","35","0200000000000000","URB_INTERRUPT in"
"167","2017-09-03 18:41:09.326133","1.45.2","host","USB","35","02000000f0ff0000","URB_INTERRUPT in"
"168","2017-09-03 18:41:09.334122","1.45.2","host","USB","35","02000000f0ff0000","URB_INTERRUPT in"
"169","2017-09-03 18:41:09.340120","1.45.2","host","USB","35","02000000f0ff0000","URB_INTERRUPT in"
"170","2017-09-03 18:41:09.348122","1.45.2","host","USB","35","02000000f0ff0000","URB_INTERRUPT in"
"171","2017-09-03 18:41:09.356127","1.45.2","host","USB","35","02000000e0ff0000","URB_INTERRUPT in"
"172","2017-09-03 18:41:09.364130","1.45.2","host","USB","35","02000000e0ff0000","URB_INTERRUPT in"
"173","2017-09-03 18:41:09.372124","1.45.2","host","USB","35","02000000e0ff0000","URB_INTERRUPT in"
"174","2017-09-03 18:41:09.380123","1.45.2","host","USB","35","02000000e0ff0000","URB_INTERRUPT in"
"175","2017-09-03 18:41:09.388126","1.45.2","host","USB","35","02000001e0ff0000","URB_INTERRUPT in"
"176","2017-09-03 18:41:09.396126","1.45.2","host","USB","35","02000000e0ff0000","URB_INTERRUPT in"
"177","2017-09-03 18:41:09.404128","1.45.2","host","USB","35","02000000f0ff0000","URB_INTERRUPT in"
"178","2017-09-03 18:41:09.410121","1.45.2","host","USB","35","02000000e0ff0000","URB_INTERRUPT in"
"179","2017-09-03 18:41:09.418127","1.45.2","host","USB","35","02000000f0ff0000","URB_INTERRUPT in"
"180","2017-09-03 18:41:09.426126","1.45.2","host","USB","35","02000000e0ff0000","URB_INTERRUPT in"
"181","2017-09-03 18:41:09.442127","1.45.2","host","USB","35","02000000f0ff0000","URB_INTERRUPT in"
"182","2017-09-03 18:41:09.450127","1.45.2","host","USB","35","02000000f0ff0000","URB_INTERRUPT in"
"183","2017-09-03 18:41:09.458121","1.45.2","host","USB","35","0200000100000000","URB_INTERRUPT in"
"184","2017-09-03 18:41:09.466123","1.45.2","host","USB","35","02000000f0ff0000","URB_INTERRUPT in"
"185","2017-09-03 18:41:09.474128","1.45.2","host","USB","35","02000000f0ff0000","URB_INTERRUPT in"
"186","2017-09-03 18:41:09.482126","1.45.2","host","USB","35","02000000f0ff0000","URB_INTERRUPT in"
"187","2017-09-03 18:41:09.496122","1.45.2","host","USB","35","02000000f0ff0000","URB_INTERRUPT in"
"188","2017-09-03 18:41:09.504130","1.45.2","host","USB","35","02000000f0ff0000","URB_INTERRUPT in"
"189","2017-09-03 18:41:09.574137","1.45.2","host","USB","35","0200000100000000","URB_INTERRUPT in"
"190","2017-09-03 18:41:09.582131","1.45.2","host","USB","35","02000000f0ff0000","URB_INTERRUPT in"
"191","2017-09-03 18:41:09.810132","1.45.2","host","USB","35","020000fe0f000000","URB_INTERRUPT in"
"192","2017-09-03 18:41:09.818125","1.45.2","host","USB","35","020000fdffff0000","URB_INTERRUPT in"
"193","2017-09-03 18:41:09.826124","1.45.2","host","USB","35","020000fd9fff0000","URB_INTERRUPT in"
"194","2017-09-03 18:41:09.832129","1.45.2","host","USB","35","020000fb4fff0000","URB_INTERRUPT in"
"195","2017-09-03 18:41:09.840125","1.45.2","host","USB","35","020000ffbffe0000","URB_INTERRUPT in"
"196","2017-09-03 18:41:09.848124","1.45.2","host","USB","35","020000ff2ffe0000","URB_INTERRUPT in"
"197","2017-09-03 18:41:09.856128","1.45.2","host","USB","35","020000ff6ffd0000","URB_INTERRUPT in"
"198","2017-09-03 18:41:09.864129","1.45.2","host","USB","35","02000000f0fc0000","URB_INTERRUPT in"
"199","2017-09-03 18:41:09.872129","1.45.2","host","USB","35","02000000c0fc0000","URB_INTERRUPT in"
"200","2017-09-03 18:41:09.880130","1.45.2","host","USB","35","02000000e0fc0000","URB_INTERRUPT in"
"201","2017-09-03 18:41:09.888131","1.45.2","host","USB","35","0200000060fd0000","URB_INTERRUPT in"
"202","2017-09-03 18:41:09.896124","1.45.2","host","USB","35","02000003a0fd0000","URB_INTERRUPT in"
"203","2017-09-03 18:41:09.904131","1.45.2","host","USB","35","0200000430fe0000","URB_INTERRUPT in"
"204","2017-09-03 18:41:09.912130","1.45.2","host","USB","35","0200000570fe0000","URB_INTERRUPT in"
"205","2017-09-03 18:41:09.918129","1.45.2","host","USB","35","02000004f0fe0000","URB_INTERRUPT in"
"206","2017-09-03 18:41:09.926126","1.45.2","host","USB","35","0200000430ff0000","URB_INTERRUPT in"
"207","2017-09-03 18:41:09.934128","1.45.2","host","USB","35","0200000470ff0000","URB_INTERRUPT in"
"208","2017-09-03 18:41:09.942123","1.45.2","host","USB","35","02000004c0ff0000","URB_INTERRUPT in"
"209","2017-09-03 18:41:09.950129","1.45.2","host","USB","35","02000003f0ff0000","URB_INTERRUPT in"
"210","2017-09-03 18:41:09.958128","1.45.2","host","USB","35","02000001f0ff0000","URB_INTERRUPT in"
"211","2017-09-03 18:41:09.966124","1.45.2","host","USB","35","0200000100000000","URB_INTERRUPT in"
"212","2017-09-03 18:41:10.098127","1.45.2","host","USB","35","020000f78fff0000","URB_INTERRUPT in"
"213","2017-09-03 18:41:10.106122","1.45.2","host","USB","35","020000f79fff0000","URB_INTERRUPT in"
"214","2017-09-03 18:41:10.114125","1.45.2","host","USB","35","020000f7cfff0000","URB_INTERRUPT in"
"215","2017-09-03 18:41:10.122122","1.45.2","host","USB","35","020000f7dfff0000","URB_INTERRUPT in"
"216","2017-09-03 18:41:10.130122","1.45.2","host","USB","35","020000f90f000000","URB_INTERRUPT in"
"217","2017-09-03 18:41:10.138127","1.45.2","host","USB","35","020000fb0f000000","URB_INTERRUPT in"
"218","2017-09-03 18:41:10.146122","1.45.2","host","USB","35","020000fd0f000000","URB_INTERRUPT in"
"219","2017-09-03 18:41:10.208132","1.45.2","host","USB","35","020000ff2f000000","URB_INTERRUPT in"
"220","2017-09-03 18:41:10.216128","1.45.2","host","USB","35","0200000010000000","URB_INTERRUPT in"
"221","2017-09-03 18:41:10.224124","1.45.2","host","USB","35","0200000020000000","URB_INTERRUPT in"
"222","2017-09-03 18:41:10.240128","1.45.2","host","USB","35","0200000010000000","URB_INTERRUPT in"
"223","2017-09-03 18:41:10.294130","1.45.2","host","USB","35","0200000010000000","URB_INTERRUPT in"
"224","2017-09-03 18:41:10.450132","1.45.2","host","USB","35","02000000f0ff0000","URB_INTERRUPT in"
"225","2017-09-03 18:41:10.904136","1.45.2","host","USB","35","020000fddfff0000","URB_INTERRUPT in"
"226","2017-09-03 18:41:10.912130","1.45.2","host","USB","35","020000f8afff0000","URB_INTERRUPT in"
"227","2017-09-03 18:41:10.918128","1.45.2","host","USB","35","020000f5afff0000","URB_INTERRUPT in"
"228","2017-09-03 18:41:10.926125","1.45.2","host","USB","35","020000f1cfff0000","URB_INTERRUPT in"
"229","2017-09-03 18:41:10.934127","1.45.2","host","USB","35","020000eaafff0000","URB_INTERRUPT in"
"230","2017-09-03 18:41:10.942122","1.45.2","host","USB","35","020000e9afff0000","URB_INTERRUPT in"
"231","2017-09-03 18:41:10.950127","1.45.2","host","USB","35","020000ed7fff0000","URB_INTERRUPT in"
"232","2017-09-03 18:41:10.958127","1.45.2","host","USB","35","020000f44fff0000","URB_INTERRUPT in"
"233","2017-09-03 18:41:10.966124","1.45.2","host","USB","35","020000f8effe0000","URB_INTERRUPT in"
"234","2017-09-03 18:41:10.974136","1.45.2","host","USB","35","020000fc2fff0000","URB_INTERRUPT in"
"235","2017-09-03 18:41:10.982125","1.45.2","host","USB","35","020000fd7fff0000","URB_INTERRUPT in"
"236","2017-09-03 18:41:10.988131","1.45.2","host","USB","35","020000ffbfff0000","URB_INTERRUPT in"
"237","2017-09-03 18:41:11.146133","1.45.2","host","USB","35","020000fe1f000000","URB_INTERRUPT in"
"238","2017-09-03 18:41:11.154128","1.45.2","host","USB","35","020000f82f000000","URB_INTERRUPT in"
"239","2017-09-03 18:41:11.162122","1.45.2","host","USB","35","020000f51f000000","URB_INTERRUPT in"
"240","2017-09-03 18:41:11.168123","1.45.2","host","USB","35","020000f30f000000","URB_INTERRUPT in"
"241","2017-09-03 18:41:11.176123","1.45.2","host","USB","35","020000f30f000000","URB_INTERRUPT in"
"242","2017-09-03 18:41:11.184132","1.45.2","host","USB","35","020000f7ffff0000","URB_INTERRUPT in"
"243","2017-09-03 18:41:11.192121","1.45.2","host","USB","35","020000f8ffff0000","URB_INTERRUPT in"
"244","2017-09-03 18:41:11.200120","1.45.2","host","USB","35","020000f90f000000","URB_INTERRUPT in"
"245","2017-09-03 18:41:11.208124","1.45.2","host","USB","35","020000f90f000000","URB_INTERRUPT in"
"246","2017-09-03 18:41:11.216126","1.45.2","host","USB","35","020000f80f000000","URB_INTERRUPT in"
"247","2017-09-03 18:41:11.224124","1.45.2","host","USB","35","020000f80f000000","URB_INTERRUPT in"
"248","2017-09-03 18:41:11.232121","1.45.2","host","USB","35","020000f9ffff0000","URB_INTERRUPT in"
"249","2017-09-03 18:41:11.238135","1.45.2","host","USB","35","020000fa0f000000","URB_INTERRUPT in"
"250","2017-09-03 18:41:11.246123","1.45.2","host","USB","35","020000fc0f000000","URB_INTERRUPT in"
"251","2017-09-03 18:41:11.254128","1.45.2","host","USB","35","020000fd0f000000","URB_INTERRUPT in"
"252","2017-09-03 18:41:11.262124","1.45.2","host","USB","35","020000fc1f000000","URB_INTERRUPT in"
"253","2017-09-03 18:41:11.270124","1.45.2","host","USB","35","020000fe0f000000","URB_INTERRUPT in"
"254","2017-09-03 18:41:11.278122","1.45.2","host","USB","35","020000fd0f000000","URB_INTERRUPT in"
"255","2017-09-03 18:41:11.286121","1.45.2","host","USB","35","020000fd0f000000","URB_INTERRUPT in"
"256","2017-09-03 18:41:11.294129","1.45.2","host","USB","35","020000fc0f000000","URB_INTERRUPT in"
"257","2017-09-03 18:41:11.302125","1.45.2","host","USB","35","020000fd0f000000","URB_INTERRUPT in"
"258","2017-09-03 18:41:11.310129","1.45.2","host","USB","35","020000ff0f000000","URB_INTERRUPT in"
"259","2017-09-03 18:41:11.318121","1.45.2","host","USB","35","020000ff0f000000","URB_INTERRUPT in"
"260","2017-09-03 18:41:11.326129","1.45.2","host","USB","35","020000ff0f000000","URB_INTERRUPT in"
"261","2017-09-03 18:41:11.340123","1.45.2","host","USB","35","020000ff0f000000","URB_INTERRUPT in"
"262","2017-09-03 18:41:11.348128","1.45.2","host","USB","35","020000ff0f000000","URB_INTERRUPT in"
"263","2017-09-03 18:41:11.356122","1.45.2","host","USB","35","020000ff0f000000","URB_INTERRUPT in"
"264","2017-09-03 18:41:11.364129","1.45.2","host","USB","35","020000fe0f000000","URB_INTERRUPT in"
"265","2017-09-03 18:41:11.372123","1.45.2","host","USB","35","020000ff1f000000","URB_INTERRUPT in"
"266","2017-09-03 18:41:11.380129","1.45.2","host","USB","35","020000ff0f000000","URB_INTERRUPT in"
"267","2017-09-03 18:41:11.450124","1.45.2","host","USB","35","020000ff1f000000","URB_INTERRUPT in"
"268","2017-09-03 18:41:11.458121","1.45.2","host","USB","35","020000ff0f000000","URB_INTERRUPT in"
"269","2017-09-03 18:41:11.466140","1.45.2","host","USB","35","020000ff1f000000","URB_INTERRUPT in"
"270","2017-09-03 18:41:11.474124","1.45.2","host","USB","35","020000ff1f000000","URB_INTERRUPT in"
"271","2017-09-03 18:41:11.498146","1.45.2","host","USB","35","0200000010000000","URB_INTERRUPT in"
"272","2017-09-03 18:41:11.520129","1.45.2","host","USB","35","0200000010000000","URB_INTERRUPT in"
"273","2017-09-03 18:41:11.606128","1.45.2","host","USB","35","0200000010000000","URB_INTERRUPT in"
"274","2017-09-03 18:41:11.630133","1.45.2","host","USB","35","0201000000000000","URB_INTERRUPT in"
"275","2017-09-03 18:41:11.716133","1.45.2","host","USB","35","0200000000000000","URB_INTERRUPT in"
"276","2017-09-03 18:41:12.044132","1.45.2","host","USB","35","0200000100000000","URB_INTERRUPT in"
"277","2017-09-03 18:41:13.426135","1.46.1","host","USB","35","0000090000000000","URB_INTERRUPT in"
"278","2017-09-03 18:41:13.530134","1.46.1","host","USB","35","0000000000000000","URB_INTERRUPT in"
"279","2017-09-03 18:41:14.114133","1.46.1","host","USB","35","0000120000000000","URB_INTERRUPT in"
"280","2017-09-03 18:41:14.218132","1.46.1","host","USB","35","0000000000000000","URB_INTERRUPT in"
"281","2017-09-03 18:41:14.650133","1.46.1","host","USB","35","0000150000000000","URB_INTERRUPT in"
"282","2017-09-03 18:41:14.754130","1.46.1","host","USB","35","0000000000000000","URB_INTERRUPT in"
"283","2017-09-03 18:41:15.042132","1.46.1","host","USB","35","00001f0000000000","URB_INTERRUPT in"
"284","2017-09-03 18:41:15.146134","1.46.1","host","USB","35","0000000000000000","URB_INTERRUPT in"
"285","2017-09-03 18:41:15.506135","1.46.1","host","USB","35","0000370000000000","URB_INTERRUPT in"
"286","2017-09-03 18:41:15.602135","1.46.1","host","USB","35","0000000000000000","URB_INTERRUPT in"
"287","2017-09-03 18:41:15.922133","1.46.1","host","USB","35","0000060000000000","URB_INTERRUPT in"
"288","2017-09-03 18:41:16.010134","1.46.1","host","USB","35","0000000000000000","URB_INTERRUPT in"
"289","2017-09-03 18:41:16.754134","1.46.1","host","USB","35","0000170000000000","URB_INTERRUPT in"
"290","2017-09-03 18:41:16.858134","1.46.1","host","USB","35","0000000000000000","URB_INTERRUPT in"
"291","2017-09-03 18:41:17.282130","1.46.1","host","USB","35","0000090000000000","URB_INTERRUPT in"
"292","2017-09-03 18:41:17.386131","1.46.1","host","USB","35","0000000000000000","URB_INTERRUPT in"
"293","2017-09-03 18:41:17.986131","1.46.1","host","USB","35","00001f0000000000","URB_INTERRUPT in"
"294","2017-09-03 18:41:18.082134","1.46.1","host","USB","35","0000000000000000","URB_INTERRUPT in"
"295","2017-09-03 18:41:18.378132","1.46.1","host","USB","35","0000370000000000","URB_INTERRUPT in"
"296","2017-09-03 18:41:18.474134","1.46.1","host","USB","35","0000000000000000","URB_INTERRUPT in"
"297","2017-09-03 18:41:18.938132","1.46.1","host","USB","35","0000060000000000","URB_INTERRUPT in"
"298","2017-09-03 18:41:19.050128","1.46.1","host","USB","35","0000000000000000","URB_INTERRUPT in"
"299","2017-09-03 18:41:19.482133","1.46.1","host","USB","35","0000130000000000","URB_INTERRUPT in"
"300","2017-09-03 18:41:19.586128","1.46.1","host","USB","35","0000000000000000","URB_INTERRUPT in"
"301","2017-09-03 18:41:20.010128","1.46.1","host","USB","35","0000040000000000","URB_INTERRUPT in"
"302","2017-09-03 18:41:20.162132","1.46.1","host","USB","35","0000000000000000","URB_INTERRUPT in"
"303","2017-09-03 18:41:20.666131","1.46.1","host","USB","35","00001a0000000000","URB_INTERRUPT in"
"304","2017-09-03 18:41:20.802133","1.46.1","host","USB","35","0000000000000000","URB_INTERRUPT in"
"305","2017-09-03 18:41:21.162130","1.46.1","host","USB","35","0000370000000000","URB_INTERRUPT in"
"306","2017-09-03 18:41:21.282147","1.46.1","host","USB","35","0000000000000000","URB_INTERRUPT in"
"307","2017-09-03 18:41:21.738132","1.46.1","host","USB","35","0000160000000000","URB_INTERRUPT in"
"308","2017-09-03 18:41:21.858127","1.46.1","host","USB","35","0000000000000000","URB_INTERRUPT in"
"309","2017-09-03 18:41:22.290130","1.46.1","host","USB","35","00000c0000000000","URB_INTERRUPT in"
"310","2017-09-03 18:41:22.394131","1.46.1","host","USB","35","0000000000000000","URB_INTERRUPT in"
"311","2017-09-03 18:41:22.874131","1.46.1","host","USB","35","0000170000000000","URB_INTERRUPT in"
"312","2017-09-03 18:41:23.042128","1.46.1","host","USB","35","0000000000000000","URB_INTERRUPT in"
"313","2017-09-03 18:41:23.402126","1.46.1","host","USB","35","0000080000000000","URB_INTERRUPT in"
"314","2017-09-03 18:41:23.522127","1.46.1","host","USB","35","0000000000000000","URB_INTERRUPT in"
"315","2017-09-03 18:41:24.722129","1.46.1","host","USB","35","0000380000000000","URB_INTERRUPT in"
"316","2017-09-03 18:41:24.834131","1.46.1","host","USB","35","0000000000000000","URB_INTERRUPT in"
"317","2017-09-03 18:41:25.346129","1.46.1","host","USB","35","0000040000000000","URB_INTERRUPT in"
"318","2017-09-03 18:41:25.498130","1.46.1","host","USB","35","0000000000000000","URB_INTERRUPT in"
"319","2017-09-03 18:41:25.922129","1.46.1","host","USB","35","0000070000000000","URB_INTERRUPT in"
"320","2017-09-03 18:41:26.010127","1.46.1","host","USB","35","0000000000000000","URB_INTERRUPT in"
"321","2017-09-03 18:41:26.626130","1.46.1","host","USB","35","0000100000000000","URB_INTERRUPT in"
"322","2017-09-03 18:41:26.746157","1.46.1","host","USB","35","0000000000000000","URB_INTERRUPT in"
"323","2017-09-03 18:41:27.122126","1.46.1","host","USB","35","00000c0000000000","URB_INTERRUPT in"
"324","2017-09-03 18:41:27.258130","1.46.1","host","USB","35","0000000000000000","URB_INTERRUPT in"
"325","2017-09-03 18:41:27.634127","1.46.1","host","USB","35","0000110000000000","URB_INTERRUPT in"
"326","2017-09-03 18:41:27.786122","1.46.1","host","USB","35","0000000000000000","URB_INTERRUPT in"
"327","2017-09-03 18:41:29.554130","1.46.1","host","USB","35","0000280000000000","URB_INTERRUPT in"
"328","2017-09-03 18:41:29.658131","1.46.1","host","USB","35","0000000000000000","URB_INTERRUPT in"
"329","2017-09-03 18:41:32.924123","1.45.2","host","USB","35","0200000350000000","URB_INTERRUPT in"
"330","2017-09-03 18:41:32.932119","1.45.2","host","USB","35","0200000560000000","URB_INTERRUPT in"
"331","2017-09-03 18:41:32.940120","1.45.2","host","USB","35","0200000370000000","URB_INTERRUPT in"
"332","2017-09-03 18:41:32.948124","1.45.2","host","USB","35","0200000490000000","URB_INTERRUPT in"
"333","2017-09-03 18:41:32.956121","1.45.2","host","USB","35","02000004b0000000","URB_INTERRUPT in"
"334","2017-09-03 18:41:32.962121","1.45.2","host","USB","35","02000003c0000000","URB_INTERRUPT in"
"335","2017-09-03 18:41:32.970128","1.45.2","host","USB","35","02000005e0000000","URB_INTERRUPT in"
"336","2017-09-03 18:41:32.978114","1.45.2","host","USB","35","0200000410010000","URB_INTERRUPT in"
"337","2017-09-03 18:41:32.986121","1.45.2","host","USB","35","0200000400010000","URB_INTERRUPT in"
"338","2017-09-03 18:41:32.994116","1.45.2","host","USB","35","0200000350010000","URB_INTERRUPT in"
"339","2017-09-03 18:41:33.002121","1.45.2","host","USB","35","0200000270010000","URB_INTERRUPT in"
"340","2017-09-03 18:41:33.010115","1.45.2","host","USB","35","0200000060010000","URB_INTERRUPT in"
"341","2017-09-03 18:41:33.018118","1.45.2","host","USB","35","0200000150010000","URB_INTERRUPT in"
"342","2017-09-03 18:41:33.026114","1.45.2","host","USB","35","0200000180010000","URB_INTERRUPT in"
"343","2017-09-03 18:41:33.034119","1.45.2","host","USB","35","0200000050010000","URB_INTERRUPT in"
"344","2017-09-03 18:41:33.042114","1.45.2","host","USB","35","0200000030010000","URB_INTERRUPT in"
"345","2017-09-03 18:41:33.050119","1.45.2","host","USB","35","0200000120010000","URB_INTERRUPT in"
"346","2017-09-03 18:41:33.056115","1.45.2","host","USB","35","02000003f0000000","URB_INTERRUPT in"
"347","2017-09-03 18:41:33.064124","1.45.2","host","USB","35","02000002e0000000","URB_INTERRUPT in"
"348","2017-09-03 18:41:33.072137","1.45.2","host","USB","35","02000003c0000000","URB_INTERRUPT in"
"349","2017-09-03 18:41:33.080119","1.45.2","host","USB","35","0200000380000000","URB_INTERRUPT in"
"350","2017-09-03 18:41:33.088119","1.45.2","host","USB","35","0200000250000000","URB_INTERRUPT in"
"351","2017-09-03 18:41:33.096121","1.45.2","host","USB","35","0200000140000000","URB_INTERRUPT in"
"352","2017-09-03 18:41:33.104121","1.45.2","host","USB","35","0200000010000000","URB_INTERRUPT in"
"353","2017-09-03 18:41:33.236118","1.45.2","host","USB","35","02000000f0ff0000","URB_INTERRUPT in"
"354","2017-09-03 18:41:33.244109","1.45.2","host","USB","35","02000000d0ff0000","URB_INTERRUPT in"
"355","2017-09-03 18:41:33.252116","1.45.2","host","USB","35","02000000f0ff0000","URB_INTERRUPT in"
"356","2017-09-03 18:41:33.298118","1.45.2","host","USB","35","02000000f0ff0000","URB_INTERRUPT in"
"357","2017-09-03 18:41:33.306112","1.45.2","host","USB","35","02000000f0ff0000","URB_INTERRUPT in"
"358","2017-09-03 18:41:33.314122","1.45.2","host","USB","35","02000003e0ff0000","URB_INTERRUPT in"
"359","2017-09-03 18:41:33.322115","1.45.2","host","USB","35","02000006d0ff0000","URB_INTERRUPT in"
"360","2017-09-03 18:41:33.330117","1.45.2","host","USB","35","02000005e0ff0000","URB_INTERRUPT in"
"361","2017-09-03 18:41:33.338133","1.45.2","host","USB","35","02000005e0ff0000","URB_INTERRUPT in"
"362","2017-09-03 18:41:33.346114","1.45.2","host","USB","35","02000003f0ff0000","URB_INTERRUPT in"
"363","2017-09-03 18:41:33.354115","1.45.2","host","USB","35","02000005f0ff0000","URB_INTERRUPT in"
"364","2017-09-03 18:41:33.362115","1.45.2","host","USB","35","02000007f0ff0000","URB_INTERRUPT in"
"365","2017-09-03 18:41:33.370117","1.45.2","host","USB","35","0200000de0ff0000","URB_INTERRUPT in"
"366","2017-09-03 18:41:33.378116","1.45.2","host","USB","35","0200000fe0ff0000","URB_INTERRUPT in"
"367","2017-09-03 18:41:33.386116","1.45.2","host","USB","35","0200000ee0ff0000","URB_INTERRUPT in"
"368","2017-09-03 18:41:33.392113","1.45.2","host","USB","35","0200000f00000000","URB_INTERRUPT in"
"369","2017-09-03 18:41:33.400116","1.45.2","host","USB","35","0200000fd0ff0000","URB_INTERRUPT in"
"370","2017-09-03 18:41:33.408114","1.45.2","host","USB","35","02000010e0ff0000","URB_INTERRUPT in"
"371","2017-09-03 18:41:33.416115","1.45.2","host","USB","35","02000011f0ff0000","URB_INTERRUPT in"
"372","2017-09-03 18:41:33.424113","1.45.2","host","USB","35","02000013d0ff0000","URB_INTERRUPT in"
"373","2017-09-03 18:41:33.432119","1.45.2","host","USB","35","02000014d0ff0000","URB_INTERRUPT in"
"374","2017-09-03 18:41:33.440114","1.45.2","host","USB","35","02000013c0ff0000","URB_INTERRUPT in"
"375","2017-09-03 18:41:33.448116","1.45.2","host","USB","35","02000015c0ff0000","URB_INTERRUPT in"
"376","2017-09-03 18:41:33.456113","1.45.2","host","USB","35","02000013c0ff0000","URB_INTERRUPT in"
"377","2017-09-03 18:41:33.462113","1.45.2","host","USB","35","0200000db0ff0000","URB_INTERRUPT in"
"378","2017-09-03 18:41:33.470115","1.45.2","host","USB","35","02000009b0ff0000","URB_INTERRUPT in"
"379","2017-09-03 18:41:33.478131","1.45.2","host","USB","35","02000005d0ff0000","URB_INTERRUPT in"
"380","2017-09-03 18:41:33.486116","1.45.2","host","USB","35","02000004d0ff0000","URB_INTERRUPT in"
"381","2017-09-03 18:41:33.494113","1.45.2","host","USB","35","0200000300000000","URB_INTERRUPT in"
"382","2017-09-03 18:41:33.502115","1.45.2","host","USB","35","02000000f0ff0000","URB_INTERRUPT in"
"383","2017-09-03 18:41:33.760122","1.45.2","host","USB","35","02000003f0ff0000","URB_INTERRUPT in"
"384","2017-09-03 18:41:33.768116","1.45.2","host","USB","35","02000006f0ff0000","URB_INTERRUPT in"
"385","2017-09-03 18:41:33.776118","1.45.2","host","USB","35","0200000700000000","URB_INTERRUPT in"
"386","2017-09-03 18:41:33.784117","1.45.2","host","USB","35","02000007f0ff0000","URB_INTERRUPT in"
"387","2017-09-03 18:41:33.792112","1.45.2","host","USB","35","02000007f0ff0000","URB_INTERRUPT in"
"388","2017-09-03 18:41:33.800116","1.45.2","host","USB","35","02000008f0ff0000","URB_INTERRUPT in"
"389","2017-09-03 18:41:33.806112","1.45.2","host","USB","35","02000007f0ff0000","URB_INTERRUPT in"
"390","2017-09-03 18:41:33.814131","1.45.2","host","USB","35","0200000700000000","URB_INTERRUPT in"
"391","2017-09-03 18:41:33.822112","1.45.2","host","USB","35","02000004f0ff0000","URB_INTERRUPT in"
"392","2017-09-03 18:41:33.830114","1.45.2","host","USB","35","02000005f0ff0000","URB_INTERRUPT in"
"393","2017-09-03 18:41:33.838113","1.45.2","host","USB","35","02000005f0ff0000","URB_INTERRUPT in"
"394","2017-09-03 18:41:33.846120","1.45.2","host","USB","35","02000005f0ff0000","URB_INTERRUPT in"
"395","2017-09-03 18:41:33.854113","1.45.2","host","USB","35","02000004f0ff0000","URB_INTERRUPT in"
"396","2017-09-03 18:41:33.862113","1.45.2","host","USB","35","02000004e0ff0000","URB_INTERRUPT in"
"397","2017-09-03 18:41:33.870114","1.45.2","host","USB","35","02000003f0ff0000","URB_INTERRUPT in"
"398","2017-09-03 18:41:33.876114","1.45.2","host","USB","35","0200000200000000","URB_INTERRUPT in"
"399","2017-09-03 18:41:33.884119","1.45.2","host","USB","35","02000002f0ff0000","URB_INTERRUPT in"
"400","2017-09-03 18:41:33.892113","1.45.2","host","USB","35","02000002f0ff0000","URB_INTERRUPT in"
"401","2017-09-03 18:41:33.900118","1.45.2","host","USB","35","0200000200000000","URB_INTERRUPT in"
"402","2017-09-03 18:41:33.908124","1.45.2","host","USB","35","02000002f0ff0000","URB_INTERRUPT in"
"403","2017-09-03 18:41:33.916119","1.45.2","host","USB","35","0200000200000000","URB_INTERRUPT in"
"404","2017-09-03 18:41:33.924115","1.45.2","host","USB","35","0200000300000000","URB_INTERRUPT in"
"405","2017-09-03 18:41:33.932120","1.45.2","host","USB","35","02000003f0ff0000","URB_INTERRUPT in"
"406","2017-09-03 18:41:33.940113","1.45.2","host","USB","35","0200000200000000","URB_INTERRUPT in"
"407","2017-09-03 18:41:33.948117","1.45.2","host","USB","35","0200000100000000","URB_INTERRUPT in"
"408","2017-09-03 18:41:33.956117","1.45.2","host","USB","35","0200000100000000","URB_INTERRUPT in"
"409","2017-09-03 18:41:33.970115","1.45.2","host","USB","35","02000001f0ff0000","URB_INTERRUPT in"
"410","2017-09-03 18:41:33.978115","1.45.2","host","USB","35","0200000100000000","URB_INTERRUPT in"
"411","2017-09-03 18:41:33.986119","1.45.2","host","USB","35","02000001f0ff0000","URB_INTERRUPT in"
"412","2017-09-03 18:41:33.994110","1.45.2","host","USB","35","0200000100000000","URB_INTERRUPT in"
"413","2017-09-03 18:41:34.010122","1.45.2","host","USB","35","0200000100000000","URB_INTERRUPT in"
"414","2017-09-03 18:41:34.018117","1.45.2","host","USB","35","02000000f0ff0000","URB_INTERRUPT in"
"415","2017-09-03 18:41:34.026115","1.45.2","host","USB","35","0200000100000000","URB_INTERRUPT in"
"416","2017-09-03 18:41:34.034118","1.45.2","host","USB","35","0200000100000000","URB_INTERRUPT in"
"417","2017-09-03 18:41:34.042110","1.45.2","host","USB","35","02000000f0ff0000","URB_INTERRUPT in"
"418","2017-09-03 18:41:34.050116","1.45.2","host","USB","35","0200000100000000","URB_INTERRUPT in"
"419","2017-09-03 18:41:34.056114","1.45.2","host","USB","35","02000001f0ff0000","URB_INTERRUPT in"
"420","2017-09-03 18:41:34.064116","1.45.2","host","USB","35","0200000100000000","URB_INTERRUPT in"
"421","2017-09-03 18:41:34.072113","1.45.2","host","USB","35","02000001f0ff0000","URB_INTERRUPT in"
"422","2017-09-03 18:41:34.080115","1.45.2","host","USB","35","0200000100000000","URB_INTERRUPT in"
"423","2017-09-03 18:41:34.088114","1.45.2","host","USB","35","02000001f0ff0000","URB_INTERRUPT in"
"424","2017-09-03 18:41:34.096125","1.45.2","host","USB","35","02000000e0ff0000","URB_INTERRUPT in"
"425","2017-09-03 18:41:34.104119","1.45.2","host","USB","35","02000000f0ff0000","URB_INTERRUPT in"
"426","2017-09-03 18:41:34.166118","1.45.2","host","USB","35","0201000000000000","URB_INTERRUPT in"
"427","2017-09-03 18:41:34.314121","1.45.2","host","USB","35","0200000000000000","URB_INTERRUPT in"
"428","2017-09-03 18:41:36.162122","1.46.1","host","USB","35","0000040000000000","URB_INTERRUPT in"
"429","2017-09-03 18:41:36.298125","1.46.1","host","USB","35","0000000000000000","URB_INTERRUPT in"
"430","2017-09-03 18:41:36.858125","1.46.1","host","USB","35","00000f0000000000","URB_INTERRUPT in"
"431","2017-09-03 18:41:36.978125","1.46.1","host","USB","35","0000000000000000","URB_INTERRUPT in"
"432","2017-09-03 18:41:37.458124","1.46.1","host","USB","35","00000c0000000000","URB_INTERRUPT in"
"433","2017-09-03 18:41:37.562121","1.46.1","host","USB","35","0000000000000000","URB_INTERRUPT in"
"434","2017-09-03 18:41:38.050124","1.46.1","host","USB","35","0000060000000000","URB_INTERRUPT in"
"435","2017-09-03 18:41:38.186121","1.46.1","host","USB","35","0000000000000000","URB_INTERRUPT in"
"436","2017-09-03 18:41:38.586125","1.46.1","host","USB","35","0000080000000000","URB_INTERRUPT in"
"437","2017-09-03 18:41:38.738118","1.46.1","host","USB","35","0000000000000000","URB_INTERRUPT in"
"438","2017-09-03 18:41:39.434123","1.46.1","host","USB","35","00002b0000000000","URB_INTERRUPT in"
"439","2017-09-03 18:41:39.570119","1.46.1","host","USB","35","0000000000000000","URB_INTERRUPT in"
"440","2017-09-03 18:41:42.226121","1.46.1","host","USB","35","00000c0000000000","URB_INTERRUPT in"
"441","2017-09-03 18:41:42.314122","1.46.1","host","USB","35","0000000000000000","URB_INTERRUPT in"
"442","2017-09-03 18:41:42.778117","1.46.1","host","USB","35","0200000000000000","URB_INTERRUPT in"
"443","2017-09-03 18:41:43.178122","1.46.1","host","USB","35","02000f0000000000","URB_INTERRUPT in"
"444","2017-09-03 18:41:43.250121","1.46.1","host","USB","35","00000f0000000000","URB_INTERRUPT in"
"445","2017-09-03 18:41:43.306121","1.46.1","host","USB","35","0000000000000000","URB_INTERRUPT in"
"446","2017-09-03 18:41:44.226119","1.46.1","host","USB","35","0000120000000000","URB_INTERRUPT in"
"447","2017-09-03 18:41:44.314123","1.46.1","host","USB","35","0000000000000000","URB_INTERRUPT in"
"448","2017-09-03 18:41:45.690121","1.46.1","host","USB","35","0000190000000000","URB_INTERRUPT in"
"449","2017-09-03 18:41:45.826121","1.46.1","host","USB","35","0000000000000000","URB_INTERRUPT in"
"450","2017-09-03 18:41:46.162117","1.46.1","host","USB","35","0000080000000000","URB_INTERRUPT in"
"451","2017-09-03 18:41:46.314119","1.46.1","host","USB","35","0000000000000000","URB_INTERRUPT in"
"452","2017-09-03 18:41:46.978120","1.46.1","host","USB","35","0200000000000000","URB_INTERRUPT in"
"453","2017-09-03 18:41:47.458119","1.46.1","host","USB","35","0200050000000000","URB_INTERRUPT in"
"454","2017-09-03 18:41:47.594116","1.46.1","host","USB","35","0200000000000000","URB_INTERRUPT in"
"455","2017-09-03 18:41:47.634121","1.46.1","host","USB","35","0000000000000000","URB_INTERRUPT in"
"456","2017-09-03 18:41:50.090120","1.46.1","host","USB","35","0000120000000000","URB_INTERRUPT in"
"457","2017-09-03 18:41:50.202134","1.46.1","host","USB","35","0000000000000000","URB_INTERRUPT in"
"458","2017-09-03 18:41:51.210122","1.46.1","host","USB","35","0000120000000000","URB_INTERRUPT in"
"459","2017-09-03 18:41:51.346116","1.46.1","host","USB","35","0000000000000000","URB_INTERRUPT in"
"460","2017-09-03 18:41:51.706118","1.46.1","host","USB","35","0000120000000000","URB_INTERRUPT in"
"461","2017-09-03 18:41:51.802117","1.46.1","host","USB","35","0000000000000000","URB_INTERRUPT in"
"462","2017-09-03 18:41:52.114118","1.46.1","host","USB","35","0200000000000000","URB_INTERRUPT in"
"463","2017-09-03 18:41:52.410117","1.46.1","host","USB","35","0200050000000000","URB_INTERRUPT in"
"464","2017-09-03 18:41:52.562118","1.46.1","host","USB","35","0200000000000000","URB_INTERRUPT in"
"465","2017-09-03 18:41:52.610109","1.46.1","host","USB","35","0000000000000000","URB_INTERRUPT in"
"466","2017-09-03 18:41:53.530117","1.46.1","host","USB","35","0000160000000000","URB_INTERRUPT in"
"467","2017-09-03 18:41:53.682116","1.46.1","host","USB","35","0000000000000000","URB_INTERRUPT in"
"468","2017-09-03 18:41:54.178118","1.46.1","host","USB","35","0000040000000000","URB_INTERRUPT in"
"469","2017-09-03 18:41:54.314127","1.46.1","host","USB","35","0000000000000000","URB_INTERRUPT in"
"470","2017-09-03 18:41:56.058116","1.46.1","host","USB","35","0000130000000000","URB_INTERRUPT in"
"471","2017-09-03 18:41:56.162115","1.46.1","host","USB","35","0000000000000000","URB_INTERRUPT in"
"472","2017-09-03 18:41:56.586117","1.46.1","host","USB","35","0000130000000000","URB_INTERRUPT in"
"473","2017-09-03 18:41:56.698117","1.46.1","host","USB","35","0000000000000000","URB_INTERRUPT in"
"474","2017-09-03 18:41:57.050123","1.46.1","host","USB","35","0200000000000000","URB_INTERRUPT in"
"475","2017-09-03 18:41:57.426116","1.46.1","host","USB","35","02001e0000000000","URB_INTERRUPT in"
"476","2017-09-03 18:41:57.562116","1.46.1","host","USB","35","0200000000000000","URB_INTERRUPT in"
"477","2017-09-03 18:41:57.610110","1.46.1","host","USB","35","0000000000000000","URB_INTERRUPT in"
"478","2017-09-03 18:41:59.290115","1.46.1","host","USB","35","0000500000000000","URB_INTERRUPT in"
"479","2017-09-03 18:41:59.458113","1.46.1","host","USB","35","0000000000000000","URB_INTERRUPT in"
"480","2017-09-03 18:41:59.970116","1.46.1","host","USB","35","0000500000000000","URB_INTERRUPT in"
"481","2017-09-03 18:42:00.138114","1.46.1","host","USB","35","0000000000000000","URB_INTERRUPT in"
"482","2017-09-03 18:42:00.906115","1.46.1","host","USB","35","0000500000000000","URB_INTERRUPT in"
"483","2017-09-03 18:42:01.074115","1.46.1","host","USB","35","0000000000000000","URB_INTERRUPT in"
"484","2017-09-03 18:42:01.786122","1.46.1","host","USB","35","0000500000000000","URB_INTERRUPT in"
"485","2017-09-03 18:42:01.954114","1.46.1","host","USB","35","0000000000000000","URB_INTERRUPT in"
"486","2017-09-03 18:42:02.554114","1.46.1","host","USB","35","0000500000000000","URB_INTERRUPT in"
"487","2017-09-03 18:42:02.706109","1.46.1","host","USB","35","0000000000000000","URB_INTERRUPT in"
"488","2017-09-03 18:42:03.298114","1.46.1","host","USB","35","0000500000000000","URB_INTERRUPT in"
"489","2017-09-03 18:42:03.434111","1.46.1","host","USB","35","0000000000000000","URB_INTERRUPT in"
"490","2017-09-03 18:42:03.978112","1.46.1","host","USB","35","0000500000000000","URB_INTERRUPT in"
"491","2017-09-03 18:42:04.130107","1.46.1","host","USB","35","0000000000000000","URB_INTERRUPT in"
"492","2017-09-03 18:42:04.690113","1.46.1","host","USB","35","0000500000000000","URB_INTERRUPT in"
"493","2017-09-03 18:42:04.850112","1.46.1","host","USB","35","0000000000000000","URB_INTERRUPT in"
"494","2017-09-03 18:42:05.834111","1.46.1","host","USB","35","00004f0000000000","URB_INTERRUPT in"
"495","2017-09-03 18:42:06.002122","1.46.1","host","USB","35","0000000000000000","URB_INTERRUPT in"
"496","2017-09-03 18:42:06.658111","1.46.1","host","USB","35","00002a0000000000","URB_INTERRUPT in"
"497","2017-09-03 18:42:06.786113","1.46.1","host","USB","35","0000000000000000","URB_INTERRUPT in"
"498","2017-09-03 18:42:07.402114","1.46.1","host","USB","35","0000270000000000","URB_INTERRUPT in"
"499","2017-09-03 18:42:07.522110","1.46.1","host","USB","35","0000000000000000","URB_INTERRUPT in"
"500","2017-09-03 18:42:08.018111","1.46.1","host","USB","35","0000280000000000","URB_INTERRUPT in"
"501","2017-09-03 18:42:08.082111","1.46.1","host","USB","35","0000000000000000","URB_INTERRUPT in"
"502","2017-09-03 18:42:10.892108","1.45.2","host","USB","35","02000000d0000000","URB_INTERRUPT in"
"503","2017-09-03 18:42:10.900103","1.45.2","host","USB","35","02000000c0000000","URB_INTERRUPT in"
"504","2017-09-03 18:42:10.908103","1.45.2","host","USB","35","02000000c0000000","URB_INTERRUPT in"
"505","2017-09-03 18:42:10.914098","1.45.2","host","USB","35","02000003d0000000","URB_INTERRUPT in"
"506","2017-09-03 18:42:10.922102","1.45.2","host","USB","35","02000001d0000000","URB_INTERRUPT in"
"507","2017-09-03 18:42:10.930098","1.45.2","host","USB","35","02000001a0000000","URB_INTERRUPT in"
"508","2017-09-03 18:42:10.938096","1.45.2","host","USB","35","0200000070000000","URB_INTERRUPT in"
"509","2017-09-03 18:42:10.946100","1.45.2","host","USB","35","0200000040000000","URB_INTERRUPT in"
"510","2017-09-03 18:42:10.954097","1.45.2","host","USB","35","0200000010000000","URB_INTERRUPT in"
"511","2017-09-03 18:42:11.244107","1.45.2","host","USB","35","0200000050000000","URB_INTERRUPT in"
"512","2017-09-03 18:42:11.250100","1.45.2","host","USB","35","0200000150000000","URB_INTERRUPT in"
"513","2017-09-03 18:42:11.258100","1.45.2","host","USB","35","0200000480000000","URB_INTERRUPT in"
"514","2017-09-03 18:42:11.266103","1.45.2","host","USB","35","02000008a0000000","URB_INTERRUPT in"
"515","2017-09-03 18:42:11.274101","1.45.2","host","USB","35","02000009c0000000","URB_INTERRUPT in"
"516","2017-09-03 18:42:11.282099","1.45.2","host","USB","35","0200000db0000000","URB_INTERRUPT in"
"517","2017-09-03 18:42:11.290102","1.45.2","host","USB","35","0200000ba0000000","URB_INTERRUPT in"
"518","2017-09-03 18:42:11.298101","1.45.2","host","USB","35","0200000990000000","URB_INTERRUPT in"
"519","2017-09-03 18:42:11.306100","1.45.2","host","USB","35","02000008c0000000","URB_INTERRUPT in"
"520","2017-09-03 18:42:11.314097","1.45.2","host","USB","35","02000006b0000000","URB_INTERRUPT in"
"521","2017-09-03 18:42:11.322097","1.45.2","host","USB","35","02000004c0000000","URB_INTERRUPT in"
"522","2017-09-03 18:42:11.328099","1.45.2","host","USB","35","02000002c0000000","URB_INTERRUPT in"
"523","2017-09-03 18:42:11.336097","1.45.2","host","USB","35","02000002c0000000","URB_INTERRUPT in"
"524","2017-09-03 18:42:11.344100","1.45.2","host","USB","35","02000004b0000000","URB_INTERRUPT in"
"525","2017-09-03 18:42:11.352097","1.45.2","host","USB","35","0200000480000000","URB_INTERRUPT in"
"526","2017-09-03 18:42:11.360099","1.45.2","host","USB","35","0200000360000000","URB_INTERRUPT in"
"527","2017-09-03 18:42:11.368097","1.45.2","host","USB","35","0200000350000000","URB_INTERRUPT in"
"528","2017-09-03 18:42:11.376101","1.45.2","host","USB","35","0200000240000000","URB_INTERRUPT in"
"529","2017-09-03 18:42:11.384096","1.45.2","host","USB","35","0200000140000000","URB_INTERRUPT in"
"530","2017-09-03 18:42:11.392106","1.45.2","host","USB","35","0200000120000000","URB_INTERRUPT in"
"531","2017-09-03 18:42:11.400098","1.45.2","host","USB","35","0200000010000000","URB_INTERRUPT in"
"532","2017-09-03 18:42:11.406094","1.45.2","host","USB","35","020000ff0f000000","URB_INTERRUPT in"
"533","2017-09-03 18:42:11.556105","1.45.2","host","USB","35","020000fe0f000000","URB_INTERRUPT in"
"534","2017-09-03 18:42:11.564101","1.45.2","host","USB","35","020000fd2f000000","URB_INTERRUPT in"
"535","2017-09-03 18:42:11.570097","1.45.2","host","USB","35","020000fc3f000000","URB_INTERRUPT in"
"536","2017-09-03 18:42:11.578102","1.45.2","host","USB","35","020000fc3f000000","URB_INTERRUPT in"
"537","2017-09-03 18:42:11.586098","1.45.2","host","USB","35","020000fe6f000000","URB_INTERRUPT in"
"538","2017-09-03 18:42:11.594099","1.45.2","host","USB","35","020000ff7f000000","URB_INTERRUPT in"
"539","2017-09-03 18:42:11.602096","1.45.2","host","USB","35","0200000070000000","URB_INTERRUPT in"
"540","2017-09-03 18:42:11.610106","1.45.2","host","USB","35","0200000090000000","URB_INTERRUPT in"
"541","2017-09-03 18:42:11.618096","1.45.2","host","USB","35","02000001b0000000","URB_INTERRUPT in"
"542","2017-09-03 18:42:11.626099","1.45.2","host","USB","35","02000003c0000000","URB_INTERRUPT in"
"543","2017-09-03 18:42:11.634095","1.45.2","host","USB","35","02000004c0000000","URB_INTERRUPT in"
"544","2017-09-03 18:42:11.642101","1.45.2","host","USB","35","02000002b0000000","URB_INTERRUPT in"
"545","2017-09-03 18:42:11.650096","1.45.2","host","USB","35","02000001c0000000","URB_INTERRUPT in"
"546","2017-09-03 18:42:11.658098","1.45.2","host","USB","35","02000001d0000000","URB_INTERRUPT in"
"547","2017-09-03 18:42:11.664096","1.45.2","host","USB","35","02000000d0000000","URB_INTERRUPT in"
"548","2017-09-03 18:42:11.672095","1.45.2","host","USB","35","02000000a0000000","URB_INTERRUPT in"
"549","2017-09-03 18:42:11.680101","1.45.2","host","USB","35","0200000290000000","URB_INTERRUPT in"
"550","2017-09-03 18:42:11.688098","1.45.2","host","USB","35","0200000260000000","URB_INTERRUPT in"
"551","2017-09-03 18:42:11.696115","1.45.2","host","USB","35","0200000530000000","URB_INTERRUPT in"
"552","2017-09-03 18:42:11.704097","1.45.2","host","USB","35","0200000540000000","URB_INTERRUPT in"
"553","2017-09-03 18:42:11.712103","1.45.2","host","USB","35","0200000420000000","URB_INTERRUPT in"
"554","2017-09-03 18:42:11.720098","1.45.2","host","USB","35","0200000300000000","URB_INTERRUPT in"
"555","2017-09-03 18:42:11.728098","1.45.2","host","USB","35","0200000200000000","URB_INTERRUPT in"
"556","2017-09-03 18:42:11.884106","1.45.2","host","USB","35","0200000020000000","URB_INTERRUPT in"
"557","2017-09-03 18:42:11.892101","1.45.2","host","USB","35","0200000040000000","URB_INTERRUPT in"
"558","2017-09-03 18:42:11.900105","1.45.2","host","USB","35","020000ff6f000000","URB_INTERRUPT in"
"559","2017-09-03 18:42:11.908101","1.45.2","host","USB","35","020000ff8f000000","URB_INTERRUPT in"
"560","2017-09-03 18:42:11.914097","1.45.2","host","USB","35","0200000090000000","URB_INTERRUPT in"
"561","2017-09-03 18:42:11.922102","1.45.2","host","USB","35","02000000a0000000","URB_INTERRUPT in"
"562","2017-09-03 18:42:11.930099","1.45.2","host","USB","35","0200000080000000","URB_INTERRUPT in"
"563","2017-09-03 18:42:11.938098","1.45.2","host","USB","35","02000000a0000000","URB_INTERRUPT in"
"564","2017-09-03 18:42:11.946102","1.45.2","host","USB","35","0200000060000000","URB_INTERRUPT in"
"565","2017-09-03 18:42:11.954096","1.45.2","host","USB","35","0200000070000000","URB_INTERRUPT in"
"566","2017-09-03 18:42:11.962100","1.45.2","host","USB","35","0200000150000000","URB_INTERRUPT in"
"567","2017-09-03 18:42:11.970096","1.45.2","host","USB","35","0200000160000000","URB_INTERRUPT in"
"568","2017-09-03 18:42:11.978099","1.45.2","host","USB","35","0200000060000000","URB_INTERRUPT in"
"569","2017-09-03 18:42:11.986096","1.45.2","host","USB","35","020000ff6f000000","URB_INTERRUPT in"
"570","2017-09-03 18:42:11.992099","1.45.2","host","USB","35","020000fc6f000000","URB_INTERRUPT in"
"571","2017-09-03 18:42:12.002096","1.45.2","host","USB","35","020000fc5f000000","URB_INTERRUPT in"
"572","2017-09-03 18:42:12.008098","1.45.2","host","USB","35","020000fc6f000000","URB_INTERRUPT in"
"573","2017-09-03 18:42:12.016098","1.45.2","host","USB","35","020000fd5f000000","URB_INTERRUPT in"
"574","2017-09-03 18:42:12.024103","1.45.2","host","USB","35","020000fd4f000000","URB_INTERRUPT in"
"575","2017-09-03 18:42:12.032095","1.45.2","host","USB","35","0200000050000000","URB_INTERRUPT in"
"576","2017-09-03 18:42:12.040114","1.45.2","host","USB","35","0200000050000000","URB_INTERRUPT in"
"577","2017-09-03 18:42:12.048099","1.45.2","host","USB","35","0200000140000000","URB_INTERRUPT in"
"578","2017-09-03 18:42:12.056105","1.45.2","host","USB","35","0200000040000000","URB_INTERRUPT in"
"579","2017-09-03 18:42:12.064103","1.45.2","host","USB","35","0200000150000000","URB_INTERRUPT in"
"580","2017-09-03 18:42:12.072104","1.45.2","host","USB","35","0200000050000000","URB_INTERRUPT in"
"581","2017-09-03 18:42:12.078110","1.45.2","host","USB","35","0200000140000000","URB_INTERRUPT in"
"582","2017-09-03 18:42:12.086098","1.45.2","host","USB","35","0200000050000000","URB_INTERRUPT in"
"583","2017-09-03 18:42:12.094101","1.45.2","host","USB","35","0200000130000000","URB_INTERRUPT in"
"584","2017-09-03 18:42:12.102097","1.45.2","host","USB","35","0200000130000000","URB_INTERRUPT in"
"585","2017-09-03 18:42:12.110110","1.45.2","host","USB","35","0200000210000000","URB_INTERRUPT in"
"586","2017-09-03 18:42:12.118097","1.45.2","host","USB","35","0200000210000000","URB_INTERRUPT in"
"587","2017-09-03 18:42:12.126101","1.45.2","host","USB","35","0200000100000000","URB_INTERRUPT in"
"588","2017-09-03 18:42:12.134099","1.45.2","host","USB","35","02000002f0ff0000","URB_INTERRUPT in"
"589","2017-09-03 18:42:12.306106","1.45.2","host","USB","35","0200000150000000","URB_INTERRUPT in"
"590","2017-09-03 18:42:12.314104","1.45.2","host","USB","35","0200000250000000","URB_INTERRUPT in"
"591","2017-09-03 18:42:12.322097","1.45.2","host","USB","35","0200000160000000","URB_INTERRUPT in"
"592","2017-09-03 18:42:12.330112","1.45.2","host","USB","35","0200000150000000","URB_INTERRUPT in"
"593","2017-09-03 18:42:12.336102","1.45.2","host","USB","35","0200000160000000","URB_INTERRUPT in"
"594","2017-09-03 18:42:12.344101","1.45.2","host","USB","35","0200000050000000","URB_INTERRUPT in"
"595","2017-09-03 18:42:12.352098","1.45.2","host","USB","35","0200000070000000","URB_INTERRUPT in"
"596","2017-09-03 18:42:12.360101","1.45.2","host","USB","35","0200000070000000","URB_INTERRUPT in"
"597","2017-09-03 18:42:12.368096","1.45.2","host","USB","35","0200000060000000","URB_INTERRUPT in"
"598","2017-09-03 18:42:12.376100","1.45.2","host","USB","35","0200000060000000","URB_INTERRUPT in"
"599","2017-09-03 18:42:12.384096","1.45.2","host","USB","35","0200000050000000","URB_INTERRUPT in"
"600","2017-09-03 18:42:12.392099","1.45.2","host","USB","35","0200000250000000","URB_INTERRUPT in"
"601","2017-09-03 18:42:12.400102","1.45.2","host","USB","35","0200000250000000","URB_INTERRUPT in"
"602","2017-09-03 18:42:12.406105","1.45.2","host","USB","35","0200000140000000","URB_INTERRUPT in"
"603","2017-09-03 18:42:12.414100","1.45.2","host","USB","35","0200000140000000","URB_INTERRUPT in"
"604","2017-09-03 18:42:12.422096","1.45.2","host","USB","35","0200000050000000","URB_INTERRUPT in"
"605","2017-09-03 18:42:12.430106","1.45.2","host","USB","35","0200000040000000","URB_INTERRUPT in"
"606","2017-09-03 18:42:12.438103","1.45.2","host","USB","35","0200000260000000","URB_INTERRUPT in"
"607","2017-09-03 18:42:12.446100","1.45.2","host","USB","35","0200000140000000","URB_INTERRUPT in"
"608","2017-09-03 18:42:12.454102","1.45.2","host","USB","35","0200000140000000","URB_INTERRUPT in"
"609","2017-09-03 18:42:12.462099","1.45.2","host","USB","35","0200000150000000","URB_INTERRUPT in"
"610","2017-09-03 18:42:12.470102","1.45.2","host","USB","35","0200000130000000","URB_INTERRUPT in"
"611","2017-09-03 18:42:12.478097","1.45.2","host","USB","35","0200000130000000","URB_INTERRUPT in"
"612","2017-09-03 18:42:12.486308","1.45.2","host","USB","35","0200000020000000","URB_INTERRUPT in"
"613","2017-09-03 18:42:12.494094","1.45.2","host","USB","35","0200000010000000","URB_INTERRUPT in"
"614","2017-09-03 18:42:12.524100","1.45.2","host","USB","35","0200000020000000","URB_INTERRUPT in"
"615","2017-09-03 18:42:12.664101","1.45.2","host","USB","35","0201000000000000","URB_INTERRUPT in"
"616","2017-09-03 18:42:12.798102","1.45.2","host","USB","35","0200000000000000","URB_INTERRUPT in"
"617","2017-09-03 18:42:12.992105","1.45.2","host","USB","35","020000fdefff0000","URB_INTERRUPT in"
"618","2017-09-03 18:42:13.000100","1.45.2","host","USB","35","020000f49fff0000","URB_INTERRUPT in"
"619","2017-09-03 18:42:13.008098","1.45.2","host","USB","35","020000f49fff0000","URB_INTERRUPT in"
"620","2017-09-03 18:42:13.016102","1.45.2","host","USB","35","020000f46fff0000","URB_INTERRUPT in"
"621","2017-09-03 18:42:13.024097","1.45.2","host","USB","35","020000f44fff0000","URB_INTERRUPT in"
"622","2017-09-03 18:42:13.032103","1.45.2","host","USB","35","020000f12fff0000","URB_INTERRUPT in"
"623","2017-09-03 18:42:13.040099","1.45.2","host","USB","35","020000efcffe0000","URB_INTERRUPT in"
"624","2017-09-03 18:42:13.048103","1.45.2","host","USB","35","020000ec7ffe0000","URB_INTERRUPT in"
"625","2017-09-03 18:42:13.056102","1.45.2","host","USB","35","020000e84ffe0000","URB_INTERRUPT in"
"626","2017-09-03 18:42:13.064102","1.45.2","host","USB","35","020000e8dffd0000","URB_INTERRUPT in"
"627","2017-09-03 18:42:13.072103","1.45.2","host","USB","35","020000e5effd0000","URB_INTERRUPT in"
"628","2017-09-03 18:42:13.078095","1.45.2","host","USB","35","020000e5dffd0000","URB_INTERRUPT in"
"629","2017-09-03 18:42:13.086101","1.45.2","host","USB","35","020000e40ffe0000","URB_INTERRUPT in"
"630","2017-09-03 18:42:13.094095","1.45.2","host","USB","35","020000e99ffe0000","URB_INTERRUPT in"
"631","2017-09-03 18:42:13.102102","1.45.2","host","USB","35","020000eceffe0000","URB_INTERRUPT in"
"632","2017-09-03 18:42:13.110098","1.45.2","host","USB","35","020000f12fff0000","URB_INTERRUPT in"
"633","2017-09-03 18:42:13.118101","1.45.2","host","USB","35","020000f69fff0000","URB_INTERRUPT in"
"634","2017-09-03 18:42:13.126104","1.45.2","host","USB","35","020000f9bfff0000","URB_INTERRUPT in"
"635","2017-09-03 18:42:13.134102","1.45.2","host","USB","35","020000fdffff0000","URB_INTERRUPT in"
"636","2017-09-03 18:42:13.298105","1.45.2","host","USB","35","020000fd0f000000","URB_INTERRUPT in"
"637","2017-09-03 18:42:13.306098","1.45.2","host","USB","35","020000fbefff0000","URB_INTERRUPT in"
"638","2017-09-03 18:42:13.314101","1.45.2","host","USB","35","020000f59fff0000","URB_INTERRUPT in"
"639","2017-09-03 18:42:13.322097","1.45.2","host","USB","35","020000f45fff0000","URB_INTERRUPT in"
"640","2017-09-03 18:42:13.328099","1.45.2","host","USB","35","020000eecffe0000","URB_INTERRUPT in"
"641","2017-09-03 18:42:13.336102","1.45.2","host","USB","35","020000eb5ffe0000","URB_INTERRUPT in"
"642","2017-09-03 18:42:13.344102","1.45.2","host","USB","35","020000ea1ffe0000","URB_INTERRUPT in"
"643","2017-09-03 18:42:13.352102","1.45.2","host","USB","35","020000e9cffe0000","URB_INTERRUPT in"
"644","2017-09-03 18:42:13.360100","1.45.2","host","USB","35","020000eebfff0000","URB_INTERRUPT in"
"645","2017-09-03 18:42:13.368103","1.45.2","host","USB","35","020000f5efff0000","URB_INTERRUPT in"
"646","2017-09-03 18:42:13.376100","1.45.2","host","USB","35","020000f9dfff0000","URB_INTERRUPT in"
"647","2017-09-03 18:42:13.384101","1.45.2","host","USB","35","020000feffff0000","URB_INTERRUPT in"
"648","2017-09-03 18:42:13.516101","1.45.2","host","USB","35","02000004f0ff0000","URB_INTERRUPT in"
"649","2017-09-03 18:42:13.524099","1.45.2","host","USB","35","02000002e0ff0000","URB_INTERRUPT in"
"650","2017-09-03 18:42:13.532095","1.45.2","host","USB","35","0200000200000000","URB_INTERRUPT in"
"651","2017-09-03 18:42:13.540098","1.45.2","host","USB","35","02000001f0ff0000","URB_INTERRUPT in"
"652","2017-09-03 18:42:13.548095","1.45.2","host","USB","35","02000000f0ff0000","URB_INTERRUPT in"
"653","2017-09-03 18:42:13.556093","1.45.2","host","USB","35","02000000f0ff0000","URB_INTERRUPT in"
"654","2017-09-03 18:42:13.564093","1.45.2","host","USB","35","02000000d0ff0000","URB_INTERRUPT in"
"655","2017-09-03 18:42:13.572094","1.45.2","host","USB","35","020000fedfff0000","URB_INTERRUPT in"
"656","2017-09-03 18:42:13.578095","1.45.2","host","USB","35","020000fdefff0000","URB_INTERRUPT in"
"657","2017-09-03 18:42:13.586094","1.45.2","host","USB","35","020000fcefff0000","URB_INTERRUPT in"
"658","2017-09-03 18:42:13.594091","1.45.2","host","USB","35","020000fbcfff0000","URB_INTERRUPT in"
"659","2017-09-03 18:42:13.602093","1.45.2","host","USB","35","020000fbbfff0000","URB_INTERRUPT in"
"660","2017-09-03 18:42:13.610101","1.45.2","host","USB","35","020000fbafff0000","URB_INTERRUPT in"
"661","2017-09-03 18:42:13.618098","1.45.2","host","USB","35","020000fe7fff0000","URB_INTERRUPT in"
"662","2017-09-03 18:42:13.626093","1.45.2","host","USB","35","020000fc4fff0000","URB_INTERRUPT in"
"663","2017-09-03 18:42:13.634101","1.45.2","host","USB","35","020000fb3fff0000","URB_INTERRUPT in"
"664","2017-09-03 18:42:13.642095","1.45.2","host","USB","35","020000fc3fff0000","URB_INTERRUPT in"
"665","2017-09-03 18:42:13.650101","1.45.2","host","USB","35","020000fa4fff0000","URB_INTERRUPT in"
"666","2017-09-03 18:42:13.656101","1.45.2","host","USB","35","020000fc8fff0000","URB_INTERRUPT in"
"667","2017-09-03 18:42:13.664123","1.45.2","host","USB","35","020000fdafff0000","URB_INTERRUPT in"
"668","2017-09-03 18:42:13.672097","1.45.2","host","USB","35","020000ffdfff0000","URB_INTERRUPT in"
"669","2017-09-03 18:42:13.680102","1.45.2","host","USB","35","02000000f0ff0000","URB_INTERRUPT in"
"670","2017-09-03 18:42:13.688101","1.45.2","host","USB","35","02000000f0ff0000","URB_INTERRUPT in"
"671","2017-09-03 18:42:13.696180","1.45.2","host","USB","35","02000000f0ff0000","URB_INTERRUPT in"
"672","2017-09-03 18:42:13.704113","1.45.2","host","USB","35","02000000e0ff0000","URB_INTERRUPT in"
"673","2017-09-03 18:42:13.712097","1.45.2","host","USB","35","02000000e0ff0000","URB_INTERRUPT in"
"674","2017-09-03 18:42:13.720095","1.45.2","host","USB","35","02000000d0ff0000","URB_INTERRUPT in"
"675","2017-09-03 18:42:13.728093","1.45.2","host","USB","35","020000feefff0000","URB_INTERRUPT in"
"676","2017-09-03 18:42:13.736094","1.45.2","host","USB","35","020000fdefff0000","URB_INTERRUPT in"
"677","2017-09-03 18:42:13.744093","1.45.2","host","USB","35","020000fdefff0000","URB_INTERRUPT in"
"678","2017-09-03 18:42:13.750094","1.45.2","host","USB","35","020000fdefff0000","URB_INTERRUPT in"
"679","2017-09-03 18:42:13.758093","1.45.2","host","USB","35","020000feffff0000","URB_INTERRUPT in"
"680","2017-09-03 18:42:13.766092","1.45.2","host","USB","35","020000ffefff0000","URB_INTERRUPT in"
"681","2017-09-03 18:42:13.774096","1.45.2","host","USB","35","020000feffff0000","URB_INTERRUPT in"
"682","2017-09-03 18:42:13.782094","1.45.2","host","USB","35","020000ffdfff0000","URB_INTERRUPT in"
"683","2017-09-03 18:42:13.790094","1.45.2","host","USB","35","020000feefff0000","URB_INTERRUPT in"
"684","2017-09-03 18:42:13.798093","1.45.2","host","USB","35","020000feefff0000","URB_INTERRUPT in"
"685","2017-09-03 18:42:13.806093","1.45.2","host","USB","35","020000fedfff0000","URB_INTERRUPT in"
"686","2017-09-03 18:42:13.814098","1.45.2","host","USB","35","020000feffff0000","URB_INTERRUPT in"
"687","2017-09-03 18:42:13.820093","1.45.2","host","USB","35","020000ffefff0000","URB_INTERRUPT in"
"688","2017-09-03 18:42:13.828095","1.45.2","host","USB","35","020000ffffff0000","URB_INTERRUPT in"
"689","2017-09-03 18:42:13.836097","1.45.2","host","USB","35","020000ffffff0000","URB_INTERRUPT in"
"690","2017-09-03 18:42:13.844095","1.45.2","host","USB","35","020000ffffff0000","URB_INTERRUPT in"
"691","2017-09-03 18:42:13.906104","1.45.2","host","USB","35","020000ff0f000000","URB_INTERRUPT in"
"692","2017-09-03 18:42:13.914095","1.45.2","host","USB","35","020000fe2f000000","URB_INTERRUPT in"
"693","2017-09-03 18:42:13.922093","1.45.2","host","USB","35","0200000020000000","URB_INTERRUPT in"
"694","2017-09-03 18:42:13.930094","1.45.2","host","USB","35","0200000020000000","URB_INTERRUPT in"
"695","2017-09-03 18:42:13.938096","1.45.2","host","USB","35","0200000010000000","URB_INTERRUPT in"
"696","2017-09-03 18:42:13.946094","1.45.2","host","USB","35","0200000020000000","URB_INTERRUPT in"
"697","2017-09-03 18:42:13.962097","1.45.2","host","USB","35","0200000010000000","URB_INTERRUPT in"
"698","2017-09-03 18:42:13.978099","1.45.2","host","USB","35","0200000010000000","URB_INTERRUPT in"
"699","2017-09-03 18:42:13.986094","1.45.2","host","USB","35","0200000020000000","URB_INTERRUPT in"
"700","2017-09-03 18:42:13.992094","1.45.2","host","USB","35","0200000010000000","URB_INTERRUPT in"
"701","2017-09-03 18:42:14.000097","1.45.2","host","USB","35","0200000010000000","URB_INTERRUPT in"
"702","2017-09-03 18:42:14.008094","1.45.2","host","USB","35","020000ff1f000000","URB_INTERRUPT in"
"703","2017-09-03 18:42:14.016096","1.45.2","host","USB","35","0200000010000000","URB_INTERRUPT in"
"704","2017-09-03 18:42:14.024094","1.45.2","host","USB","35","0200000010000000","URB_INTERRUPT in"
"705","2017-09-03 18:42:14.032093","1.45.2","host","USB","35","0200000110000000","URB_INTERRUPT in"
"706","2017-09-03 18:42:14.040091","1.45.2","host","USB","35","0200000110000000","URB_INTERRUPT in"
"707","2017-09-03 18:42:14.048094","1.45.2","host","USB","35","0200000110000000","URB_INTERRUPT in"
"708","2017-09-03 18:42:14.056093","1.45.2","host","USB","35","0200000110000000","URB_INTERRUPT in"
"709","2017-09-03 18:42:14.064102","1.45.2","host","USB","35","0200000110000000","URB_INTERRUPT in"
"710","2017-09-03 18:42:14.070097","1.45.2","host","USB","35","0200000100000000","URB_INTERRUPT in"
"711","2017-09-03 18:42:14.086101","1.45.2","host","USB","35","0200000100000000","URB_INTERRUPT in"
"712","2017-09-03 18:42:14.094100","1.45.2","host","USB","35","0200000010000000","URB_INTERRUPT in"
"713","2017-09-03 18:42:14.102101","1.45.2","host","USB","35","0200000100000000","URB_INTERRUPT in"
"714","2017-09-03 18:42:14.110096","1.45.2","host","USB","35","0200000110000000","URB_INTERRUPT in"
"715","2017-09-03 18:42:14.118101","1.45.2","host","USB","35","0200000200000000","URB_INTERRUPT in"
"716","2017-09-03 18:42:14.126096","1.45.2","host","USB","35","0200000210000000","URB_INTERRUPT in"
"717","2017-09-03 18:42:14.134092","1.45.2","host","USB","35","0200000100000000","URB_INTERRUPT in"
"718","2017-09-03 18:42:14.142091","1.45.2","host","USB","35","0200000110000000","URB_INTERRUPT in"
"719","2017-09-03 18:42:14.250106","1.45.2","host","USB","35","0200000100000000","URB_INTERRUPT in"
"720","2017-09-03 18:42:14.290105","1.45.2","host","USB","35","0201000000000000","URB_INTERRUPT in"
"721","2017-09-03 18:42:14.352104","1.45.2","host","USB","35","0201000010000000","URB_INTERRUPT in"
"722","2017-09-03 18:42:14.400099","1.45.2","host","USB","35","0200000100000000","URB_INTERRUPT in"
